category,revenue,products,elasticity,ci_low,ci_high,share_units_on_discount,avg_markdown,revenue_share_%,money_given_up_if_no_response,rev_effect_if_no_response_%,rev_effect_at_measured_%,rev_effect_if_e_-2_%
Dress,91117.8333,3340,-0.2195,-0.2559,-0.1831,0.317,0.1664,18.4056,18191.0471,-16.6419,-13.2437,19.9643
Blouse,34964.9966,1514,-0.1873,-0.2315,-0.143,0.3904,0.1907,7.0629,8239.7303,-19.0714,-15.8002,23.5657
Sweater,63121.201,2605,-0.1578,-0.1919,-0.1238,0.3246,0.1694,12.7503,12869.2903,-16.9354,-14.4669,20.3882
Shorts,21852.4112,904,-0.1508,-0.2031,-0.0986,0.3219,0.1602,4.4141,4169.8313,-16.0241,-13.7827,19.0818
Skirt,27082.0633,1056,-0.1422,-0.2044,-0.0801,0.2831,0.1473,5.4705,4677.8391,-14.7288,-12.7741,17.2728
Top,25852.4437,1365,-0.129,-0.1761,-0.0818,0.2668,0.1466,5.2221,4439.5552,-14.6559,-12.8936,17.1727
Trousers,129322.0715,3025,-0.0741,-0.1053,-0.043,0.2384,0.1257,26.1228,18585.1087,-12.5654,-11.6907,14.3712
Vest top,18713.5148,1010,-0.0386,-0.0912,0.014,0.2616,0.1422,3.7801,3101.4302,-14.217,-13.7076,16.5732
Shirt,15541.7133,728,-0.0203,-0.0789,0.0382,0.2387,0.1292,3.1394,2306.3763,-12.9223,-12.6772,14.8399
T-shirt,24447.434,1721,-0.0105,-0.048,0.027,0.1881,0.1116,4.9383,3071.335,-11.1609,-11.0507,12.563
Bra,28786.6263,1209,0.0249,-0.02,0.0698,0.2495,0.1266,5.8148,4173.7886,-12.663,-12.9567,14.4991
Underwear bottom,14252.4931,988,0.2137,0.1691,0.2582,0.1607,0.0882,2.879,1379.3463,-8.824,,9.6779
