month,units,disc_units,share_on_discount
2018-09,303021,34068,0.11242785153504213
2018-10,1138269,189514,0.166493157592801
2018-11,919563,252933,0.27505782638057424
2018-12,1060732,357497,0.33702858026344074
2019-01,973917,369882,0.3797880106826352
2019-02,976630,177792,0.18204642495110737
2019-03,1032375,182754,0.17702288412640754
2019-04,1577805,102133,0.06473106625977228
2019-05,1250458,83782,0.0670010508149814
2019-06,1629808,382814,0.23488288191001638
2019-07,1818738,818985,0.4503040020057864
2019-08,1021447,397617,0.3892683614519402
2019-09,1333929,213855,0.16031962720654547
2019-10,904883,152457,0.16848255520326938
2019-11,981202,404991,0.4127498720956541
2019-12,1097369,474709,0.4325883089462159
2020-01,866855,317160,0.365874338845597
2020-02,873734,173272,0.19831207209516855
2020-03,1142360,268800,0.2353023565250884
2020-04,1059765,133353,0.12583261383419908
2020-05,1045489,159582,0.15263862173585757
2020-06,1536002,652081,0.4245313482664736
2020-07,755341,340777,0.45115649752893067
2020-08,648347,228344,0.3521941182730852
2020-09,167442,35516,0.21210926768672136
